photo.areaname_s,photo.shop_name
六本木（乃木坂方面）,焼とりの八兵衛六本木店
六本木（乃木坂方面）,サブウェイ乃木坂店
六本木（乃木坂方面）,らーめん東京食品
六本木（乃木坂方面）,酒呑
六本木（乃木坂方面）,UP STAIRS
六本木（乃木坂方面）,DOWNSTAIRS COFFEE
六本木（乃木坂方面）,綾小路
六本木（乃木坂方面）,BANQUE
六本木（乃木坂方面）,bird酉男man
六本木（乃木坂方面）,豚組しゃぶ庵
六本木（乃木坂方面）,天鳳
六本木（乃木坂方面）,中国名菜 孫
六本木（乃木坂方面）,魚輝六本木
六本木（乃木坂方面）,魚真 乃木坂店
六本木（乃木坂方面）,IBERICO－YA六本木店
六本木（乃木坂方面）,MOZU
六本木（乃木坂方面）,ピッツェリア・トラットリア ナプレ東京ミッドタウン
六本木（乃木坂方面）,SILIN 火龍園
六本木（乃木坂方面）,乃木坂鳥幸
六本木（乃木坂方面）,IDEE CAFE PARC
六本木（乃木坂方面）,とんかつと豚肉料理 平田牧場東京ミッドタウン店
六本木（乃木坂方面）,patisserie Sadaharu AOKI paris 東京ミッドタウン店
六本木（乃木坂方面）,ukafe
六本木（乃木坂方面）,虎屋菓寮 東京ミッドタウン店
六本木（乃木坂方面）,酢重ダイニング六角 東京ミッドタウン店
六本木（乃木坂方面）,侍の台所 ようざん
六本木（乃木坂方面）,千里馬 南翔小龍東京ミッドタウン店
六本木（乃木坂方面）,旬の味 いち
六本木（乃木坂方面）,デリー　東京ミッドタウン店
六本木（乃木坂方面）,DEAN＆DELUCA 六本木
六本木（乃木坂方面）,PHONAM東京ミッドタウン店
六本木（乃木坂方面）,お肉の専門店 スギモト 東京ミッドタウン店
六本木（乃木坂方面）,鉄板焼 佐吉
六本木（乃木坂方面）,備長八 六本木店
六本木（乃木坂方面）,路地裏の隠れ家ダイニング Gochi
六本木（乃木坂方面）,焼鍋 まつ岡六本木
六本木（乃木坂方面）,Bistro Chick六本木店
六本木（乃木坂方面）,Roppongi NAKED
六本木（乃木坂方面）,喜扇亭東京ミッドタウン店
六本木（乃木坂方面）,六本木三ツ星酒場朝日食堂
六本木（乃木坂方面）,HAL YAMASHITA 東京本店
六本木（乃木坂方面）,フィリップ・ミル 東京（Philippe Mille Tokyo）
六本木（乃木坂方面）,Artisan de la Truffe Paris
六本木（乃木坂方面）,レストラン ＦＥＵ
六本木（乃木坂方面）,ニルヴァーナ ニューヨーク
六本木（乃木坂方面）,串とろ
六本木（乃木坂方面）,ROTI東京ミッドタウン
六本木（乃木坂方面）,サロン ド テ ロンド
六本木（乃木坂方面）,カフェテリア カレ
六本木（乃木坂方面）,国立新美術館 カフェ コキーユ
六本木（乃木坂方面）,orange
六本木（乃木坂方面）,しゃぶしゃぶ温野菜六本木店
六本木（乃木坂方面）,阿波尾鶏六本木店
六本木（乃木坂方面）,小尾羊 シャオウェイヤン六本木店 本格中華 薬膳火鍋
六本木（乃木坂方面）,六本木今井屋本店
六本木（乃木坂方面）,すし居酒屋 松ちゃん
六本木（乃木坂方面）,Toshi Yoroizuka Mid Town
六本木（乃木坂方面）,龍馬
六本木（乃木坂方面）,マクシヴァン
六本木（乃木坂方面）,デンメアティーハウス 六本木店
六本木（乃木坂方面）,貸切×パーティー TOWER OF VABEL六本木
六本木（乃木坂方面）,韓国料理 サムギョプサルとん豚テジ 六本木店
六本木（乃木坂方面）,天城
六本木（乃木坂方面）,Bar PREMIER
六本木（乃木坂方面）,六本木 ゑまひ（えまひ）
六本木（乃木坂方面）,バイカル
六本木（乃木坂方面）,日高屋六本木店
六本木（乃木坂方面）,麺屋武蔵 虎嘯
六本木（乃木坂方面）,HAVANA CAFE
六本木（乃木坂方面）,将軍のおでん
六本木（乃木坂方面）,炭火焼肉An六本木
六本木（乃木坂方面）,龍華楼
六本木（乃木坂方面）,一蘭六本木店
六本木（乃木坂方面）,叙々苑・六本木本店
外苑前・青山一丁目,Ｒｉｓｔｏｒａｎｔｅ ｄａ Ｎｉｎｏ
外苑前・青山一丁目,海華月
六本木（乃木坂方面）,黒田屋
六本木（乃木坂方面）,おつな寿司
六本木（乃木坂方面）,サヒファ ケバブ ビリヤニ六本木店
六本木（乃木坂方面）,旬采六本木
六本木（乃木坂方面）,六本木 与太呂
六本木（乃木坂方面）,個室＆イタリアン CERTO！六本木店
六本木（乃木坂方面）,びぃすとろ 汁べゑ
六本木（乃木坂方面）,アビーロード
六本木（乃木坂方面）,焼鳥屋 鳥貴族六本木店
六本木（乃木坂方面）,モスバーガー六本木店
六本木（乃木坂方面）,IL FIGO INGORDO
六本木（乃木坂方面）,COCKTAIL BAR ARANNYA
六本木（乃木坂方面）,正直家
六本木（乃木坂方面）,FREY’s Famous Pizzeria
六本木（乃木坂方面）,鶏匠 たけはし六本木店
六本木（乃木坂方面）,築地銀だこハイボール酒場 六本木店
六本木（乃木坂方面）,星乃珈琲店 六本木店
六本木（乃木坂方面）,小田島
六本木（乃木坂方面）,東京バル Ajito六本木店
六本木（乃木坂方面）,御曹司 松六家
六本木（乃木坂方面）,魚屋 がぶ
外苑前・青山一丁目,ウエスト青山ガーデン
六本木（乃木坂方面）,一風堂 六本木店
六本木（乃木坂方面）,幸楽苑 六本木店
六本木（乃木坂方面）,オイスターバー＆レストラン オストレア 六本木店
六本木（乃木坂方面）,DoRa六本木
六本木（乃木坂方面）,沖縄ダイニング びたろー
六本木（乃木坂方面）,蒼龍唐玉堂 六本木店
六本木（乃木坂方面）,オーガニックバル 六本木マルシェMARCHE
六本木（乃木坂方面）,炎上鳥麺 ZONO
六本木（乃木坂方面）,ベトナム南部伝統料理フーンナム 六本木店
六本木（乃木坂方面）,本格中華料理 永利六本木店
六本木（乃木坂方面）,料理屋 三船
六本木（乃木坂方面）,やさいや 鉄板焼野菜六本木店
六本木（乃木坂方面）,Trattoria ＆ WineBar TANGO
六本木（乃木坂方面）,黒猫夜 六本木店
六本木（乃木坂方面）,タイ料理の店 hot pepper2
六本木（乃木坂方面）,土風炉六本木店
六本木（麻布方面）,地鶏道 大はし
六本木（麻布方面）,椿屋珈琲店六本木茶寮
六本木（乃木坂方面）,ANNEX by asador el cielo
六本木（麻布方面）,インドレストランモティ六本木店
西麻布,GALLERY＆CAFE CAMELISH
六本木（乃木坂方面）,レストラン リューズ
六本木（麻布方面）,GLASS DANCE六本木
西麻布,和楽西麻布店
六本木（乃木坂方面）,Dining Bar ～流雲～六本木
六本木（麻布方面）,シシリア（SICILIA ） 六本木店
六本木（麻布方面）,アマンド 六本木店
六本木（乃木坂方面）,MERCER BRUNCH
六本木（麻布方面）,バーガーキングR 六本木店
赤坂,器ながや
六本木（乃木坂方面）,YAKITORI 燃 WEST
六本木（乃木坂方面）,御曹司 きよやす邸
六本木（麻布方面）,喫茶室ルノアール 六本木ラピロス店
六本木（麻布方面）,つけめんTETSU 六本木ヒルズ店
六本木（麻布方面）,タリーズコーヒー 六本木ヒルズ店
六本木（麻布方面）,カプリカフェ 六本木ヒルズ店
六本木（麻布方面）,琉球個室と沖縄料理 琉歌六本木
六本木（麻布方面）,和み居酒屋 いろは
六本木（麻布方面）,とんかつ 豚組食堂
六本木（麻布方面）,AFURI 六本木ヒルズ
六本木（麻布方面）,sakura食堂六本木ヒルズ店
六本木（麻布方面）,北欧料理 リラ・ダーラナ
六本木（麻布方面）,ぶどう酒食堂さくら
六本木（麻布方面）,アモール デ ガウディ
六本木（麻布方面）,六本木 焼肉 坂の途中
六本木（麻布方面）,完全個室和ダイニング 雫SHIZUKU 六本木店
六本木（麻布方面）,完全個室居酒屋 九州さつき六本木店
六本木（麻布方面）,アウトバックステーキハウス六本木店
西麻布,牛牛西麻布総本店
六本木（麻布方面）,美食米門六本木 Wine＆Grill
六本木（麻布方面）,百鳥
六本木（麻布方面）,イタリアン ピザ イルリトローボ 六本木ヒルズ
六本木（麻布方面）,shojin 宗胡
六本木（麻布方面）,ミンミン六本木店
六本木（乃木坂方面）,中国飯店六本木店
赤坂,Turandot 臥龍居
西麻布,やき肉 かのや西麻布
六本木（麻布方面）,全席完全個室居酒屋 榎や六本木店
六本木（麻布方面）,Ｒｉｓｔｏｒａｎｔｅ Ｌ’ｏｓｔｅｒｉａ
六本木（麻布方面）,フィオーリア アリアブル
六本木（麻布方面）,六本木 ShowClub 神楽（KAGURA‐TOKYO）
六本木（麻布方面）,ラーメン香月 六本木店
六本木（麻布方面）,イタリアン＆ワインバー CONA 六本木店
六本木（麻布方面）,BAR BIWACO
赤坂,LOUISPRIMA
六本木（麻布方面）,RIO GRANDE GRILL 六本木
六本木（麻布方面）,釜あげスパゲッティ すぱじろう 六本木
六本木（麻布方面）,六本木 WorldStar Cafe
六本木（麻布方面）,タリーズコーヒー 六本木店
六本木（麻布方面）,シナボン シアトルズベストコーヒー 六本木店
六本木（麻布方面）,BLT STEAKROPPONGI
六本木（麻布方面）,健康中華庵 青蓮六本木一丁目店
六本木（麻布方面）,PAUL 六本木一丁目店
六本木（麻布方面）,balcony Restaurant ＆ Bar
六本木（麻布方面）,the 3rd Burger アークヒルズサウスタワー店
六本木（麻布方面）,酒々屋 暁月
六本木（麻布方面）,笑壷
六本木（麻布方面）,春水堂六本木店
六本木（麻布方面）,ARK HiLLS CAFE ～アークヒルズ カフェ～
六本木（麻布方面）,丸亀製麺六本木ティーキューブ店
六本木（麻布方面）,エディション・コウジ シモムラ
赤坂,陳麻婆豆腐赤坂アークヒルズ店
六本木（麻布方面）,バビーズニューヨーク アークヒルズ
六本木（麻布方面）,焼肉 天 がむしゃら
神谷町,すし屋 銀蔵神谷町城山トラストタワー店
六本木（麻布方面）,WOLFGANG・PUCK PIZZA BAR赤坂アークヒルズ店
六本木（麻布方面）,銀座 久兵衛 ホテルオークラ東京店
六本木（乃木坂方面）,ステーキてっぺい×六本木バフ
六本木（乃木坂方面）,個室×イタリアンPIZZANIA 六本木
六本木（乃木坂方面）,ゆにおん食堂
六本木（麻布方面）,麻布箪笥町 天涼庵
六本木（麻布方面）,京都つゆしゃぶCHIRIRI（ちりり）六本木店
神谷町,NOBU TOKYO（ノブ トウキョウ）
六本木（麻布方面）,和飲。ほの字
赤坂,シャンパン バー
赤坂,ATRIUM LOUNGE
赤坂,ピエール・ガニェール
赤坂,MIXX
赤坂,ザ・ステーキハウス
神谷町,和食店 破天荒
赤坂,赤坂福吉町 祐 おかげ
赤坂,アリ･バブ
赤坂,こくりこ
赤坂,きんさい屋 赤坂溜池店
神谷町,ひだか
六本木（麻布方面）,丹波谷 かくりゅう
神谷町,天雷軒 神谷町店
神谷町,磯家たいこま
神谷町,アビスカ 神谷町店
赤坂,ドトールコーヒーショップ 赤坂1丁目店
赤坂,帰燕
赤坂,赤坂 和 in ビストロ 鑁 ～VAN～
六本木（麻布方面）,Maison Landemaine AZABUDAI
六本木（麻布方面）,しゃぶ禅六本木店
六本木（麻布方面）,和風フレンチ ichiRyu
神谷町,うり坊神谷町店
六本木（麻布方面）,中国料理 美林華飯店六本木 東京タワー店
神谷町,虎ノ門やぶ
神谷町,吉野家神谷町店
六本木（麻布方面）,Aux Gourmands（オー・グルマン）
神谷町,あぶりどり バリ鳥オランダヒルズ
六本木（麻布方面）,BERND’S BAR
神谷町,ビアレストラン×ドイツ料理ディヴルスト
赤坂,にっぽんの洋食 赤坂 津つ井
赤坂,響風庭 赤坂
赤坂,オステルリースズキ
赤坂,赤坂仁屋
赤坂,THE SPICE
赤坂,あかさか弥市
赤坂,blue moon 赤坂店
赤坂,かおたんらーめん 赤坂店
赤坂,宮川
赤坂,ぢゅるり
赤坂,月宵美
赤坂,Le Rapport
赤坂,COMME A LA MAISON
赤坂,個室完備 焼肉 てにをは 赤坂本店
赤坂,赤坂 菊乃井
赤坂,TRATTORIA e PIZZERIA ESSE DUE
赤坂,ステーキ大澤
赤坂,ピッツェリア･リアナ赤坂店
赤坂,マクドナルド赤坂駅前店
赤坂,隠れ家ダイニング マンダラ ～MANDALA～赤坂店
赤坂,ピッツェリア ギタロー
赤坂,分店 なかむら食堂
赤坂,カリーニ
赤坂,我が家の味 しゅう
赤坂,割烹 赤坂 丈太郎
赤坂,赤坂璃宮赤坂本店
赤坂,露天
赤坂,シンガポール海南鶏飯赤坂店
赤坂,ショナルガ
赤坂,波留乃屋赤坂店
赤坂,Crear Bacchus
赤坂,b＆r
赤坂,grigio la tavola
赤坂,えそら
赤坂,洋食びすとろ DA VARIE
赤坂,グラナータTBS店
赤坂,ヴィラモウラ赤坂サカス店
赤坂,スターバックスコーヒー 赤坂Bizタワー店
赤坂,Aoyama Flower Market Tea House 赤坂Bizタワー店
赤坂,赤坂シュビア
赤坂,デリリウムカフェ レゼルブ
赤坂,MODERN Catalan SPANISH“Bikini”
赤坂,ＤＯ－ＺＯ赤坂サカスＢＩＺタワー店
赤坂,世界のワイン＆北インド料理 モティ赤坂店
赤坂,火鍋屋赤坂店
赤坂,パンコントマテ 赤坂店
赤坂,赤坂 にのまえ
赤坂,九州じゃんがら 赤坂店
赤坂,モルトバー ホワイエ オネスティー
赤坂,赤坂 鶏料理 よ志多
赤坂,もつ千赤坂店
赤坂,中国薬膳火鍋専門店 小肥羊赤坂店
赤坂,メゾン・ド・ユーロン
赤坂,うまい鮨勘赤坂支店
赤坂,タリーズコーヒー 赤坂店
赤坂,吉そば 赤坂店
赤坂,サムチュンネ
赤坂,たけくま
赤坂,GOOD MUSIC BAR YOUR SONG
赤坂,逸品料理 赤坂 ひさ野
赤坂,もつ鍋 ぽん輔赤坂
赤坂,焼肉あんず赤坂
赤坂,赤坂 まるしげ
赤坂,個室居酒屋 番屋赤坂店
赤坂,Rock Bar Heaven
赤坂,エクセルシオール カフェ 赤坂一ツ木通り店
赤坂,四川雅園
赤坂,折おり
赤坂,築地すし好 赤坂通り店
赤坂,とんかつ 赤坂 末吉
赤坂,はやし
赤坂,川の音－かわのね－赤坂
赤坂,シェ・ミカワ
赤坂,赤坂 三河家
赤坂,赤坂下町風居酒屋 花でん
赤坂,でんでんでん
赤坂,韓国本場焼肉 兄夫食堂赤坂店
赤坂,お好み焼き のろ赤坂本店
赤坂,赤坂の日本酒ダイニング Sakeba
赤坂,博多中洲ぢどり屋赤坂店
赤坂,赤坂一龍 本館
赤坂,ふじとはち赤坂店
赤坂,竹亭
赤坂,赤坂麺処 友
赤坂,ウニ 海老 地酒 赤坂時シラズ
赤坂,Dining Little Asia
赤坂,OGO Ono‐loa Hawaii
赤坂,ヤンデガム赤坂
赤坂,赤坂貸切ダイニングSARAY‐サライ‐
赤坂,赤坂蘭苑飯店
赤坂,ホットケーキパーラー Fru‐Full赤坂店
赤坂,焼肉 牛角赤坂店
赤坂,吉野家赤坂三丁目店
赤坂,松尾ジンギスカン赤坂店
赤坂,薬膳火鍋専門店天香回味赤坂店
赤坂,天壇 赤坂店
赤坂,薬膳火鍋専門店天香回味赤坂別館
赤坂,赤坂七丁目カフェ
赤坂,油そば専門店 ぶらぶら赤坂店
赤坂,横浜家系ラーメン 一刀家
赤坂,會津郷土食 鶴我東京赤坂店
赤坂,広東厨房 赤坂 櫻花亭
赤坂,赤坂・溜池 おば九
赤坂,神戸牛懐石 511
赤坂,釜あげスパゲッティ すぱじろう 赤坂
赤坂,京都 瓢喜赤坂店
赤坂,博多もつ鍋 はらへった赤坂店
赤坂,たい家
赤坂,地鶏料理 赤坂うのあん
赤坂,アルテ
赤坂,韓國料理 カンガンスルレ
赤坂,赤身肉じゃんか赤坂
赤坂,焼肉・しゃぶしゃぶ シャンボール
赤坂,ニクバル CARNIVOR（カーニヴォー）
赤坂,よし田
赤坂,ラ スコリエーラ
赤坂,新悦園
赤坂,焼鳥屋・いやま赤坂
赤坂,神戸・ネギ焼ＭＡＲＵＹＯＳＨＩ
赤坂,みんみん
赤坂,ANANDA THAI
赤坂,NOUVELLE KOREAN WINE DINING KAYA
赤坂,私の居酒屋 月逢
赤坂,やき鳥弁慶
赤坂,観世水
赤坂,ティーヌン赤坂店
赤坂,赤坂 炭火焼肉 金星
赤坂,やさい村大地赤坂本店
赤坂,赤札屋 赤坂店
赤坂,グリーン食堂
赤坂,創作和食 堂間
赤坂,みすじ
赤坂,28種の野菜とサムギョプサル食べ放題 やさい村大地赤坂田町通り
赤坂,オイスター＆ワイン ペスカデリア赤坂店
赤坂,揚州商人 赤坂店
赤坂,九州の地魚料理 侍赤坂店
赤坂,榮林
赤坂,赤坂 金舌
赤坂,貸切パーティスペースCorus by hacocoro
赤坂,赤坂一点張
赤坂,水野
赤坂,多に川
赤坂,希須林担々麺屋赤坂店
赤坂,やさいや鉄板焼野菜赤坂店
赤坂,同源楼
赤坂,四川小吃 雲辣坊
赤坂,赤坂 金龍
赤坂,ジョイフル 赤坂店
赤坂,赤坂餃子バル GYOZA！365
